{"InternetService_Fiber optic": 0.203515887260437, "Contract_Two year": 0.19208043813705444, "Contract_One year": 0.18038229644298553, "InternetService_No": 0.07429195195436478, "tenure": 0.06597944349050522, "PaymentMethod_Electronic check": 0.03609141707420349, "PaperlessBilling_Yes": 0.033157508820295334, "StreamingMovies_Yes": 0.031080016866326332, "OnlineSecurity_Yes": 0.030093315988779068, "StreamingTV_Yes": 0.02339472807943821, "TechSupport_Yes": 0.017903607338666916, "SeniorCitizen_Yes": 0.01765885204076767, "Dependents_Yes": 0.015023641288280487, "MultipleLines_Yes": 0.014554846100509167, "TotalCharges": 0.012023099698126316, "MonthlyCharges": 0.009695140644907951, "PhoneService_Yes": 0.009270645678043365, "PaymentMethod_Mailed check": 0.008885160088539124, "OnlineBackup_Yes": 0.00809059664607048, "gender_Male": 0.006659309379756451}